index	label
0	background
1	region00001
2	region00002
3	region00003
4	region00004
5	region00005
6	region00006
7	region00007
8	region00008
9	region00009
10	region00010
11	region00011
12	region00012
13	region00013
14	region00014
15	region00015
16	region00016
17	region00017
18	region00018
19	region00019
20	region00020
21	region00021
22	region00022
23	region00023
24	region00024
25	region00025
26	region00026
27	region00027
28	region00028
29	region00029
30	region00030
31	region00031
32	region00032
33	region00033
34	region00034
35	region00035
36	region00036
37	region00037
38	region00038
39	region00039
40	region00040
41	region00041
42	region00042
43	region00043
44	region00044
45	region00045
46	region00046
47	region00047
48	region00048
49	region00049
50	region00050
51	region00051
52	region00052
53	region00053
54	region00054
55	region00055
56	region00056
57	region00057
58	region00058
59	region00059
60	region00060
61	region00061
62	region00062
63	region00063
64	region00064
65	region00065
66	region00066
67	region00067
68	region00068
69	region00069
70	region00070
71	region00071
72	region00072
73	region00073
74	region00074
75	region00075
76	region00076
77	region00077
78	region00078
79	region00079
80	region00080
81	region00081
82	region00082
83	region00083
84	region00084
85	region00085
86	region00086
87	region00087
88	region00088
89	region00089
90	region00090
91	region00091
92	region00092
93	region00093
94	region00094
95	region00095
96	region00096
97	region00097
98	region00098
99	region00099
100	region00100
101	region00101
102	region00102
103	region00103
104	region00104
105	region00105
106	region00106
107	region00107
108	region00108
109	region00109
110	region00110
111	region00111
112	region00112
113	region00113
114	region00114
115	region00115
116	region00116
117	region00117
118	region00118
119	region00119
120	region00120
121	region00121
122	region00122
123	region00123
124	region00124
125	region00125
126	region00126
127	region00127
128	region00128
129	region00129
130	region00130
131	region00131
132	region00132
133	region00133
134	region00134
135	region00135
136	region00136
137	region00137
138	region00138
139	region00139
140	region00140
141	region00141
142	region00142
143	region00143
144	region00144
145	region00145
146	region00146
147	region00147
148	region00148
149	region00149
150	region00150
151	region00151
152	region00152
153	region00153
154	region00154
155	region00155
156	region00156
157	region00157
158	region00158
159	region00159
160	region00160
161	region00161
162	region00162
163	region00163
164	region00164
165	region00165
166	region00166
167	region00167
168	region00168
169	region00169
170	region00170
171	region00171
172	region00172
173	region00173
174	region00174
175	region00175
176	region00176
177	region00177
178	region00178
179	region00179
180	region00180
181	region00181
182	region00182
183	region00183
184	region00184
185	region00185
186	region00186
187	region00187
188	region00188
189	region00189
190	region00190
191	region00191
192	region00192
193	region00193
194	region00194
195	region00195
196	region00196
197	region00197
198	region00198
199	region00199
200	region00200
201	region00201
202	region00202
203	region00203
204	region00204
205	region00205
206	region00206
207	region00207
208	region00208
209	region00209
210	region00210
211	region00211
212	region00212
213	region00213
214	region00214
215	region00215
216	region00216
217	region00217
218	region00218
219	region00219
220	region00220
221	region00221
222	region00222
223	region00223
224	region00224
225	region00225
226	region00226
227	region00227
228	region00228
229	region00229
230	region00230
231	region00231
232	region00232
233	region00233
234	region00234
235	region00235
236	region00236
237	region00237
238	region00238
239	region00239
240	region00240
241	region00241
242	region00242
243	region00243
244	region00244
245	region00245
246	region00246
247	region00247
248	region00248
249	region00249
250	region00250
251	region00251
252	region00252
253	region00253
254	region00254
255	region00255
256	region00256
257	region00257
258	region00258
259	region00259
260	region00260
261	region00261
262	region00262
263	region00263
264	region00264
265	region00265
266	region00266
267	region00267
268	region00268
269	region00269
270	region00270
271	region00271
272	region00272
273	region00273
274	region00274
275	region00275
276	region00276
277	region00277
278	region00278
279	region00279
280	region00280
281	region00281
282	region00282
283	region00283
284	region00284
285	region00285
286	region00286
287	region00287
288	region00288
289	region00289
290	region00290
291	region00291
292	region00292
293	region00293
294	region00294
295	region00295
296	region00296
297	region00297
298	region00298
299	region00299
300	region00300
301	region00301
302	region00302
303	region00303
304	region00304
305	region00305
306	region00306
307	region00307
308	region00308
309	region00309
310	region00310
311	region00311
312	region00312
313	region00313
314	region00314
315	region00315
316	region00316
317	region00317
318	region00318
319	region00319
320	region00320
321	region00321
322	region00322
323	region00323
324	region00324
325	region00325
326	region00326
327	region00327
328	region00328
329	region00329
330	region00330
331	region00331
332	region00332
333	region00333
334	region00334
335	region00335
336	region00336
337	region00337
338	region00338
339	region00339
340	region00340
341	region00341
342	region00342
343	region00343
344	region00344
345	region00345
346	region00346
347	region00347
348	region00348
349	region00349
350	region00350
351	region00351
352	region00352
353	region00353
354	region00354
355	region00355
356	region00356
357	region00357
358	region00358
359	region00359
360	region00360
361	region00361
362	region00362
363	region00363
364	region00364
365	region00365
366	region00366
367	region00367
368	region00368
369	region00369
370	region00370
371	region00371
372	region00372
373	region00373
374	region00374
375	region00375
376	region00376
377	region00377
378	region00378
379	region00379
380	region00380
381	region00381
382	region00382
383	region00383
384	region00384
385	region00385
386	region00386
387	region00387
388	region00388
389	region00389
390	region00390
391	region00391
392	region00392
393	region00393
394	region00394
395	region00395
396	region00396
397	region00397
398	region00398
399	region00399
400	region00400
401	region00401
402	region00402
403	region00403
404	region00404
405	region00405
406	region00406
407	region00407
408	region00408
409	region00409
410	region00410
411	region00411
412	region00412
413	region00413
414	region00414
415	region00415
416	region00416
417	region00417
418	region00418
419	region00419
420	region00420
421	region00421
422	region00422
423	region00423
424	region00424
425	region00425
426	region00426
427	region00427
428	region00428
429	region00429
430	region00430
431	region00431
432	region00432
433	region00433
434	region00434
435	region00435
436	region00436
437	region00437
438	region00438
439	region00439
440	region00440
441	region00441
442	region00442
443	region00443
444	region00444
445	region00445
446	region00446
447	region00447
448	region00448
449	region00449
450	region00450
451	region00451
452	region00452
453	region00453
454	region00454
455	region00455
456	region00456
457	region00457
458	region00458
459	region00459
460	region00460
461	region00461
462	region00462
463	region00463
464	region00464
465	region00465
466	region00466
467	region00467
468	region00468
469	region00469
470	region00470
471	region00471
472	region00472
473	region00473
474	region00474
475	region00475
476	region00476
477	region00477
478	region00478
479	region00479
480	region00480
481	region00481
482	region00482
483	region00483
484	region00484
485	region00485
486	region00486
487	region00487
488	region00488
489	region00489
490	region00490
491	region00491
492	region00492
493	region00493
494	region00494
495	region00495
496	region00496
497	region00497
498	region00498
499	region00499
500	region00500
501	region00501
502	region00502
503	region00503
504	region00504
505	region00505
506	region00506
507	region00507
508	region00508
509	region00509
510	region00510
511	region00511
512	region00512
513	region00513
514	region00514
515	region00515
516	region00516
517	region00517
518	region00518
519	region00519
520	region00520
521	region00521
522	region00522
523	region00523
524	region00524
525	region00525
526	region00526
527	region00527
528	region00528
529	region00529
530	region00530
531	region00531
532	region00532
533	region00533
534	region00534
535	region00535
536	region00536
537	region00537
538	region00538
539	region00539
540	region00540
541	region00541
542	region00542
543	region00543
544	region00544
545	region00545
546	region00546
547	region00547
548	region00548
549	region00549
550	region00550
551	region00551
552	region00552
553	region00553
554	region00554
555	region00555
556	region00556
557	region00557
558	region00558
559	region00559
560	region00560
561	region00561
562	region00562
563	region00563
564	region00564
565	region00565
566	region00566
567	region00567
568	region00568
569	region00569
570	region00570
571	region00571
572	region00572
573	region00573
574	region00574
575	region00575
576	region00576
577	region00577
578	region00578
579	region00579
580	region00580
581	region00581
582	region00582
583	region00583
584	region00584
585	region00585
586	region00586
587	region00587
588	region00588
589	region00589
590	region00590
591	region00591
592	region00592
593	region00593
594	region00594
595	region00595
596	region00596
597	region00597
598	region00598
599	region00599
600	region00600
601	region00601
602	region00602
603	region00603
604	region00604
605	region00605
606	region00606
607	region00607
608	region00608
609	region00609
610	region00610
611	region00611
612	region00612
613	region00613
614	region00614
615	region00615
616	region00616
617	region00617
618	region00618
619	region00619
620	region00620
621	region00621
622	region00622
623	region00623
624	region00624
625	region00625
626	region00626
627	region00627
628	region00628
629	region00629
630	region00630
631	region00631
632	region00632
633	region00633
634	region00634
635	region00635
636	region00636
637	region00637
638	region00638
639	region00639
640	region00640
641	region00641
642	region00642
643	region00643
644	region00644
645	region00645
646	region00646
647	region00647
648	region00648
649	region00649
650	region00650
651	region00651
652	region00652
653	region00653
654	region00654
655	region00655
656	region00656
657	region00657
658	region00658
659	region00659
660	region00660
661	region00661
662	region00662
663	region00663
664	region00664
665	region00665
666	region00666
667	region00667
668	region00668
669	region00669
670	region00670
671	region00671
672	region00672
673	region00673
674	region00674
675	region00675
676	region00676
677	region00677
678	region00678
679	region00679
680	region00680
681	region00681
682	region00682
683	region00683
684	region00684
685	region00685
686	region00686
687	region00687
688	region00688
689	region00689
690	region00690
691	region00691
692	region00692
693	region00693
694	region00694
695	region00695
696	region00696
697	region00697
698	region00698
699	region00699
700	region00700
701	region00701
702	region00702
703	region00703
704	region00704
705	region00705
706	region00706
707	region00707
708	region00708
709	region00709
710	region00710
711	region00711
712	region00712
713	region00713
714	region00714
715	region00715
716	region00716
717	region00717
718	region00718
719	region00719
720	region00720
721	region00721
722	region00722
723	region00723
724	region00724
725	region00725
726	region00726
727	region00727
728	region00728
729	region00729
730	region00730
731	region00731
732	region00732
733	region00733
734	region00734
735	region00735
736	region00736
737	region00737
738	region00738
739	region00739
740	region00740
741	region00741
742	region00742
743	region00743
744	region00744
745	region00745
746	region00746
747	region00747
748	region00748
749	region00749
750	region00750
751	region00751
752	region00752
753	region00753
754	region00754
755	region00755
756	region00756
757	region00757
758	region00758
759	region00759
760	region00760
761	region00761
762	region00762
763	region00763
764	region00764
765	region00765
766	region00766
767	region00767
768	region00768
769	region00769
770	region00770
771	region00771
772	region00772
773	region00773
774	region00774
775	region00775
776	region00776
777	region00777
778	region00778
779	region00779
780	region00780
781	region00781
782	region00782
783	region00783
784	region00784
785	region00785
786	region00786
787	region00787
788	region00788
789	region00789
790	region00790
791	region00791
792	region00792
793	region00793
794	region00794
795	region00795
796	region00796
797	region00797
798	region00798
799	region00799
800	region00800
801	region00801
802	region00802
803	region00803
804	region00804
805	region00805
806	region00806
807	region00807
808	region00808
809	region00809
810	region00810
811	region00811
812	region00812
813	region00813
814	region00814
815	region00815
816	region00816
817	region00817
818	region00818
819	region00819
820	region00820
821	region00821
822	region00822
823	region00823
824	region00824
825	region00825
826	region00826
827	region00827
828	region00828
829	region00829
830	region00830
831	region00831
832	region00832
833	region00833
834	region00834
835	region00835
836	region00836
837	region00837
838	region00838
839	region00839
840	region00840
841	region00841
842	region00842
843	region00843
844	region00844
845	region00845
846	region00846
847	region00847
848	region00848
849	region00849
850	region00850
851	region00851
852	region00852
853	region00853
854	region00854
855	region00855
856	region00856
857	region00857
858	region00858
859	region00859
860	region00860
861	region00861
862	region00862
863	region00863
864	region00864
865	region00865
866	region00866
867	region00867
868	region00868
869	region00869
870	region00870
871	region00871
872	region00872
873	region00873
874	region00874
875	region00875
876	region00876
877	region00877
878	region00878
879	region00879
880	region00880
881	region00881
882	region00882
883	region00883
884	region00884
885	region00885
886	region00886
887	region00887
888	region00888
889	region00889
890	region00890
891	region00891
892	region00892
893	region00893
894	region00894
895	region00895
896	region00896
897	region00897
898	region00898
899	region00899
900	region00900
901	region00901
902	region00902
903	region00903
904	region00904
905	region00905
906	region00906
907	region00907
